<metadata xml:lang="en"><Esri><CreaDate>20170430</CreaDate><CreaTime>17084700</CreaTime><ArcGISFormat>1.0</ArcGISFormat><SyncOnce>FALSE</SyncOnce><DataProperties><itemProps><itemName Sync="TRUE">AvgUS_1850_1900_Temperature</itemName><imsContentType Sync="TRUE">002</imsContentType><itemLocation><linkage Sync="TRUE">file://\\IT172OAFS-OA12\Home_W\wilch008\Data Science Work\Weather\AvgUS_1850_1900_Temperature\AvgUS_1850_1900_Temperature.shp</linkage><protocol Sync="TRUE">Local Area Network</protocol></itemLocation><itemSize Sync="TRUE">0.000</itemSize></itemProps><coordRef><type Sync="TRUE">Projected</type><geogcsn Sync="TRUE">GCS_WGS_1984</geogcsn><csUnits Sync="TRUE">Linear Unit: Meter (1.000000)</csUnits><projcsn Sync="TRUE">WGS_1984_Web_Mercator_Auxiliary_Sphere</projcsn><peXml Sync="TRUE">&lt;ProjectedCoordinateSystem xsi:type='typens:ProjectedCoordinateSystem' xmlns:xsi='http://www.w3.org/2001/XMLSchema-instance' xmlns:xs='http://www.w3.org/2001/XMLSchema' xmlns:typens='http://www.esri.com/schemas/ArcGIS/10.4'&gt;&lt;WKT&gt;PROJCS[&amp;quot;WGS_1984_Web_Mercator_Auxiliary_Sphere&amp;quot;,GEOGCS[&amp;quot;GCS_WGS_1984&amp;quot;,DATUM[&amp;quot;D_WGS_1984&amp;quot;,SPHEROID[&amp;quot;WGS_1984&amp;quot;,6378137.0,298.257223563]],PRIMEM[&amp;quot;Greenwich&amp;quot;,0.0],UNIT[&amp;quot;Degree&amp;quot;,0.0174532925199433]],PROJECTION[&amp;quot;Mercator_Auxiliary_Sphere&amp;quot;],PARAMETER[&amp;quot;False_Easting&amp;quot;,0.0],PARAMETER[&amp;quot;False_Northing&amp;quot;,0.0],PARAMETER[&amp;quot;Central_Meridian&amp;quot;,0.0],PARAMETER[&amp;quot;Standard_Parallel_1&amp;quot;,0.0],PARAMETER[&amp;quot;Auxiliary_Sphere_Type&amp;quot;,0.0],UNIT[&amp;quot;Meter&amp;quot;,1.0],AUTHORITY[&amp;quot;EPSG&amp;quot;,3857]]&lt;/WKT&gt;&lt;XOrigin&gt;-20037700&lt;/XOrigin&gt;&lt;YOrigin&gt;-30241100&lt;/YOrigin&gt;&lt;XYScale&gt;148923141.92838538&lt;/XYScale&gt;&lt;ZOrigin&gt;-100000&lt;/ZOrigin&gt;&lt;ZScale&gt;10000&lt;/ZScale&gt;&lt;MOrigin&gt;-100000&lt;/MOrigin&gt;&lt;MScale&gt;10000&lt;/MScale&gt;&lt;XYTolerance&gt;0.001&lt;/XYTolerance&gt;&lt;ZTolerance&gt;0.001&lt;/ZTolerance&gt;&lt;MTolerance&gt;0.001&lt;/MTolerance&gt;&lt;HighPrecision&gt;true&lt;/HighPrecision&gt;&lt;WKID&gt;102100&lt;/WKID&gt;&lt;LatestWKID&gt;3857&lt;/LatestWKID&gt;&lt;/ProjectedCoordinateSystem&gt;</peXml></coordRef><lineage><Process ToolSource="c:\program files (x86)\arcgis\desktop10.4\ArcToolbox\Toolboxes\Analysis Tools.tbx\SpatialJoin" Date="20170430" Time="170855">SpatialJoin "USA States (Generalized)\USA_States_Generalized" "Geocoding Result: Geocoding_A" "H:\Data Science Work\Weather\CityData\CONUS_Data.gdb\AvgUS_1850_1900_Temp" JOIN_ONE_TO_MANY KEEP_COMMON "STATE_NAME "STATE_NAME" true true false 25 Text 0 0 ,First,#,USA States (Generalized)\USA_States_Generalized,STATE_NAME,-1,-1;SUB_REGION "SUB_REGION" true true false 20 Text 0 0 ,First,#,USA States (Generalized)\USA_States_Generalized,SUB_REGION,-1,-1;STATE_ABBR "STATE_ABBR" true true false 2 Text 0 0 ,First,#,USA States (Generalized)\USA_States_Generalized,STATE_ABBR,-1,-1;POP2010 "POP2010" true true false 0 Long 0 0 ,First,#,USA States (Generalized)\USA_States_Generalized,POP2010,-1,-1;POP10_SQMI "POP10_SQMI" true true false 0 Double 0 0 ,First,#,USA States (Generalized)\USA_States_Generalized,POP10_SQMI,-1,-1;POP2012 "POP2012" true true false 0 Long 0 0 ,First,#,USA States (Generalized)\USA_States_Generalized,POP2012,-1,-1;POP12_SQMI "POP12_SQMI" true true false 0 Double 0 0 ,First,#,USA States (Generalized)\USA_States_Generalized,POP12_SQMI,-1,-1;WHITE "WHITE" true true false 0 Long 0 0 ,First,#,USA States (Generalized)\USA_States_Generalized,WHITE,-1,-1;BLACK "BLACK" true true false 0 Long 0 0 ,First,#,USA States (Generalized)\USA_States_Generalized,BLACK,-1,-1;AMERI_ES "AMERI_ES" true true false 0 Long 0 0 ,First,#,USA States (Generalized)\USA_States_Generalized,AMERI_ES,-1,-1;ASIAN "ASIAN" true true false 0 Long 0 0 ,First,#,USA States (Generalized)\USA_States_Generalized,ASIAN,-1,-1;HAWN_PI "HAWN_PI" true true false 0 Long 0 0 ,First,#,USA States (Generalized)\USA_States_Generalized,HAWN_PI,-1,-1;HISPANIC "HISPANIC" true true false 0 Long 0 0 ,First,#,USA States (Generalized)\USA_States_Generalized,HISPANIC,-1,-1;OTHER "OTHER" true true false 0 Long 0 0 ,First,#,USA States (Generalized)\USA_States_Generalized,OTHER,-1,-1;MULT_RACE "MULT_RACE" true true false 0 Long 0 0 ,First,#,USA States (Generalized)\USA_States_Generalized,MULT_RACE,-1,-1;MALES "MALES" true true false 0 Long 0 0 ,First,#,USA States (Generalized)\USA_States_Generalized,MALES,-1,-1;FEMALES "FEMALES" true true false 0 Long 0 0 ,First,#,USA States (Generalized)\USA_States_Generalized,FEMALES,-1,-1;AGE_UNDER5 "AGE_UNDER5" true true false 0 Long 0 0 ,First,#,USA States (Generalized)\USA_States_Generalized,AGE_UNDER5,-1,-1;AGE_5_9 "AGE_5_9" true true false 0 Long 0 0 ,First,#,USA States (Generalized)\USA_States_Generalized,AGE_5_9,-1,-1;AGE_10_14 "AGE_10_14" true true false 0 Long 0 0 ,First,#,USA States (Generalized)\USA_States_Generalized,AGE_10_14,-1,-1;AGE_15_19 "AGE_15_19" true true false 0 Long 0 0 ,First,#,USA States (Generalized)\USA_States_Generalized,AGE_15_19,-1,-1;AGE_20_24 "AGE_20_24" true true false 0 Long 0 0 ,First,#,USA States (Generalized)\USA_States_Generalized,AGE_20_24,-1,-1;AGE_25_34 "AGE_25_34" true true false 0 Long 0 0 ,First,#,USA States (Generalized)\USA_States_Generalized,AGE_25_34,-1,-1;AGE_35_44 "AGE_35_44" true true false 0 Long 0 0 ,First,#,USA States (Generalized)\USA_States_Generalized,AGE_35_44,-1,-1;AGE_45_54 "AGE_45_54" true true false 0 Long 0 0 ,First,#,USA States (Generalized)\USA_States_Generalized,AGE_45_54,-1,-1;AGE_55_64 "AGE_55_64" true true false 0 Long 0 0 ,First,#,USA States (Generalized)\USA_States_Generalized,AGE_55_64,-1,-1;AGE_65_74 "AGE_65_74" true true false 0 Long 0 0 ,First,#,USA States (Generalized)\USA_States_Generalized,AGE_65_74,-1,-1;AGE_75_84 "AGE_75_84" true true false 0 Long 0 0 ,First,#,USA States (Generalized)\USA_States_Generalized,AGE_75_84,-1,-1;AGE_85_UP "AGE_85_UP" true true false 0 Long 0 0 ,First,#,USA States (Generalized)\USA_States_Generalized,AGE_85_UP,-1,-1;MED_AGE "MED_AGE" true true false 0 Double 0 0 ,First,#,USA States (Generalized)\USA_States_Generalized,MED_AGE,-1,-1;MED_AGE_M "MED_AGE_M" true true false 0 Double 0 0 ,First,#,USA States (Generalized)\USA_States_Generalized,MED_AGE_M,-1,-1;MED_AGE_F "MED_AGE_F" true true false 0 Double 0 0 ,First,#,USA States (Generalized)\USA_States_Generalized,MED_AGE_F,-1,-1;HOUSEHOLDS "HOUSEHOLDS" true true false 0 Long 0 0 ,First,#,USA States (Generalized)\USA_States_Generalized,HOUSEHOLDS,-1,-1;AVE_HH_SZ "AVE_HH_SZ" true true false 0 Double 0 0 ,First,#,USA States (Generalized)\USA_States_Generalized,AVE_HH_SZ,-1,-1;HSEHLD_1_M "HSEHLD_1_M" true true false 0 Long 0 0 ,First,#,USA States (Generalized)\USA_States_Generalized,HSEHLD_1_M,-1,-1;HSEHLD_1_F "HSEHLD_1_F" true true false 0 Long 0 0 ,First,#,USA States (Generalized)\USA_States_Generalized,HSEHLD_1_F,-1,-1;MARHH_CHD "MARHH_CHD" true true false 0 Long 0 0 ,First,#,USA States (Generalized)\USA_States_Generalized,MARHH_CHD,-1,-1;MARHH_NO_C "MARHH_NO_C" true true false 0 Long 0 0 ,First,#,USA States (Generalized)\USA_States_Generalized,MARHH_NO_C,-1,-1;MHH_CHILD "MHH_CHILD" true true false 0 Long 0 0 ,First,#,USA States (Generalized)\USA_States_Generalized,MHH_CHILD,-1,-1;FHH_CHILD "FHH_CHILD" true true false 0 Long 0 0 ,First,#,USA States (Generalized)\USA_States_Generalized,FHH_CHILD,-1,-1;FAMILIES "FAMILIES" true true false 0 Long 0 0 ,First,#,USA States (Generalized)\USA_States_Generalized,FAMILIES,-1,-1;AVE_FAM_SZ "AVE_FAM_SZ" true true false 0 Double 0 0 ,First,#,USA States (Generalized)\USA_States_Generalized,AVE_FAM_SZ,-1,-1;HSE_UNITS "HSE_UNITS" true true false 0 Long 0 0 ,First,#,USA States (Generalized)\USA_States_Generalized,HSE_UNITS,-1,-1;VACANT "VACANT" true true false 0 Long 0 0 ,First,#,USA States (Generalized)\USA_States_Generalized,VACANT,-1,-1;OWNER_OCC "OWNER_OCC" true true false 0 Long 0 0 ,First,#,USA States (Generalized)\USA_States_Generalized,OWNER_OCC,-1,-1;RENTER_OCC "RENTER_OCC" true true false 0 Long 0 0 ,First,#,USA States (Generalized)\USA_States_Generalized,RENTER_OCC,-1,-1;NO_FARMS07 "NO_FARMS07" true true false 0 Double 0 0 ,First,#,USA States (Generalized)\USA_States_Generalized,NO_FARMS07,-1,-1;AVG_SIZE07 "AVG_SIZE07" true true false 0 Double 0 0 ,First,#,USA States (Generalized)\USA_States_Generalized,AVG_SIZE07,-1,-1;CROP_ACR07 "CROP_ACR07" true true false 0 Double 0 0 ,First,#,USA States (Generalized)\USA_States_Generalized,CROP_ACR07,-1,-1;AVG_SALE07 "AVG_SALE07" true true false 0 Double 0 0 ,First,#,USA States (Generalized)\USA_States_Generalized,AVG_SALE07,-1,-1;SQMI "SQMI" true true false 0 Double 0 0 ,First,#,USA States (Generalized)\USA_States_Generalized,SQMI,-1,-1;Loc_name "Loc_name" true true false 23 Text 0 0 ,First,#,Geocoding Result: Geocoding_A,Loc_name,-1,-1;Status "Status" true true false 1 Text 0 0 ,First,#,Geocoding Result: Geocoding_A,Status,-1,-1;Score "Score" true true false 19 Double 0 0 ,First,#,Geocoding Result: Geocoding_A,Score,-1,-1;Match_type "Match_type" true true false 2 Text 0 0 ,First,#,Geocoding Result: Geocoding_A,Match_type,-1,-1;Match_addr "Match_addr" true true false 254 Text 0 0 ,First,#,Geocoding Result: Geocoding_A,Match_addr,-1,-1;Addr_type "Addr_type" true true false 50 Text 0 0 ,First,#,Geocoding Result: Geocoding_A,Addr_type,-1,-1;Type "Type" true true false 120 Text 0 0 ,First,#,Geocoding Result: Geocoding_A,Type,-1,-1;PlaceName "PlaceName" true true false 120 Text 0 0 ,First,#,Geocoding Result: Geocoding_A,PlaceName,-1,-1;Place_addr "Place_addr" true true false 200 Text 0 0 ,First,#,Geocoding Result: Geocoding_A,Place_addr,-1,-1;Phone "Phone" true true false 20 Text 0 0 ,First,#,Geocoding Result: Geocoding_A,Phone,-1,-1;URL "URL" true true false 200 Text 0 0 ,First,#,Geocoding Result: Geocoding_A,URL,-1,-1;Rank "Rank" true true false 20 Text 0 0 ,First,#,Geocoding Result: Geocoding_A,Rank,-1,-1;AddBldg "AddBldg" true true false 100 Text 0 0 ,First,#,Geocoding Result: Geocoding_A,AddBldg,-1,-1;AddNum "AddNum" true true false 80 Text 0 0 ,First,#,Geocoding Result: Geocoding_A,AddNum,-1,-1;AddNumFrom "AddNumFrom" true true false 10 Text 0 0 ,First,#,Geocoding Result: Geocoding_A,AddNumFrom,-1,-1;AddNumTo "AddNumTo" true true false 10 Text 0 0 ,First,#,Geocoding Result: Geocoding_A,AddNumTo,-1,-1;Side "Side" true true false 1 Text 0 0 ,First,#,Geocoding Result: Geocoding_A,Side,-1,-1;StPreDir "StPreDir" true true false 20 Text 0 0 ,First,#,Geocoding Result: Geocoding_A,StPreDir,-1,-1;StPreType "StPreType" true true false 50 Text 0 0 ,First,#,Geocoding Result: Geocoding_A,StPreType,-1,-1;StName "StName" true true false 100 Text 0 0 ,First,#,Geocoding Result: Geocoding_A,StName,-1,-1;StType "StType" true true false 30 Text 0 0 ,First,#,Geocoding Result: Geocoding_A,StType,-1,-1;StDir "StDir" true true false 20 Text 0 0 ,First,#,Geocoding Result: Geocoding_A,StDir,-1,-1;StAddr "StAddr" true true false 254 Text 0 0 ,First,#,Geocoding Result: Geocoding_A,StAddr,-1,-1;Nbrhd "Nbrhd" true true false 80 Text 0 0 ,First,#,Geocoding Result: Geocoding_A,Nbrhd,-1,-1;City "City" true true false 120 Text 0 0 ,First,#,Geocoding Result: Geocoding_A,City,-1,-1;Subregion "Subregion" true true false 120 Text 0 0 ,First,#,Geocoding Result: Geocoding_A,Subregion,-1,-1;Region "Region" true true false 120 Text 0 0 ,First,#,Geocoding Result: Geocoding_A,Region,-1,-1;Postal "Postal" true true false 20 Text 0 0 ,First,#,Geocoding Result: Geocoding_A,Postal,-1,-1;PostalExt "PostalExt" true true false 70 Text 0 0 ,First,#,Geocoding Result: Geocoding_A,PostalExt,-1,-1;Country "Country" true true false 30 Text 0 0 ,First,#,Geocoding Result: Geocoding_A,Country,-1,-1;LangCode "LangCode" true true false 6 Text 0 0 ,First,#,Geocoding Result: Geocoding_A,LangCode,-1,-1;Distance "Distance" true true false 19 Double 0 0 ,First,#,Geocoding Result: Geocoding_A,Distance,-1,-1;X "X" true true false 19 Double 0 0 ,First,#,Geocoding Result: Geocoding_A,X,-1,-1;Y "Y" true true false 19 Double 0 0 ,First,#,Geocoding Result: Geocoding_A,Y,-1,-1;DisplayX "DisplayX" true true false 19 Double 0 0 ,First,#,Geocoding Result: Geocoding_A,DisplayX,-1,-1;DisplayY "DisplayY" true true false 19 Double 0 0 ,First,#,Geocoding Result: Geocoding_A,DisplayY,-1,-1;Xmin "Xmin" true true false 19 Double 0 0 ,First,#,Geocoding Result: Geocoding_A,Xmin,-1,-1;Xmax "Xmax" true true false 19 Double 0 0 ,First,#,Geocoding Result: Geocoding_A,Xmax,-1,-1;Ymin "Ymin" true true false 19 Double 0 0 ,First,#,Geocoding Result: Geocoding_A,Ymin,-1,-1;Ymax "Ymax" true true false 19 Double 0 0 ,First,#,Geocoding Result: Geocoding_A,Ymax,-1,-1;ARC_Addres "ARC_Addres" true true false 100 Text 0 0 ,First,#,Geocoding Result: Geocoding_A,ARC_Addres,-1,-1;ARC_Neighb "ARC_Neighb" true true false 50 Text 0 0 ,First,#,Geocoding Result: Geocoding_A,ARC_Neighb,-1,-1;ARC_City "ARC_City" true true false 50 Text 0 0 ,First,#,Geocoding Result: Geocoding_A,ARC_City,-1,-1;ARC_Subreg "ARC_Subreg" true true false 50 Text 0 0 ,First,#,Geocoding Result: Geocoding_A,ARC_Subreg,-1,-1;ARC_Region "ARC_Region" true true false 50 Text 0 0 ,First,#,Geocoding Result: Geocoding_A,ARC_Region,-1,-1;ARC_Postal "ARC_Postal" true true false 20 Text 0 0 ,First,#,Geocoding Result: Geocoding_A,ARC_Postal,-1,-1;ARC_Post_1 "ARC_Post_1" true true false 20 Text 0 0 ,First,#,Geocoding Result: Geocoding_A,ARC_Post_1,-1,-1;ARC_Countr "ARC_Countr" true true false 100 Text 0 0 ,First,#,Geocoding Result: Geocoding_A,ARC_Countr,-1,-1;City_1 "City_1" true true false 254 Text 0 0 ,First,#,Geocoding Result: Geocoding_A,City_1,-1,-1;State "State" true true false 254 Text 0 0 ,First,#,Geocoding Result: Geocoding_A,State,-1,-1;Avg_Temp "Avg_Temp" true true false 19 Double 0 0 ,First,#,Geocoding Result: Geocoding_A,Avg_Temp,-1,-1" CONTAINS # #</Process><Process ToolSource="c:\program files (x86)\arcgis\desktop10.4\ArcToolbox\Toolboxes\Conversion Tools.tbx\FeatureClassToFeatureClass" Date="20170430" Time="173153">FeatureClassToFeatureClass "H:\Data Science Work\Weather\CityData\CONUS_Data.gdb\AvgUS_1850_1900_Temp" "H:\Data Science Work\Weather\AvgUS_1850_1900_Temperature" AvgUS_1850_1900_Temperature.shp # "Join_Count "Join_Count" true true false 4 Long 0 0 ,First,#,H:\Data Science Work\Weather\CityData\CONUS_Data.gdb\AvgUS_1850_1900_Temp,Join_Count,-1,-1;TARGET_FID "TARGET_FID" true true false 4 Long 0 0 ,First,#,H:\Data Science Work\Weather\CityData\CONUS_Data.gdb\AvgUS_1850_1900_Temp,TARGET_FID,-1,-1;JOIN_FID "JOIN_FID" true true false 4 Long 0 0 ,First,#,H:\Data Science Work\Weather\CityData\CONUS_Data.gdb\AvgUS_1850_1900_Temp,JOIN_FID,-1,-1;STATE_NAME "STATE_NAME" true true false 25 Text 0 0 ,First,#,H:\Data Science Work\Weather\CityData\CONUS_Data.gdb\AvgUS_1850_1900_Temp,STATE_NAME,-1,-1;SUB_REGION "SUB_REGION" true true false 20 Text 0 0 ,First,#,H:\Data Science Work\Weather\CityData\CONUS_Data.gdb\AvgUS_1850_1900_Temp,SUB_REGION,-1,-1;STATE_ABBR "STATE_ABBR" true true false 2 Text 0 0 ,First,#,H:\Data Science Work\Weather\CityData\CONUS_Data.gdb\AvgUS_1850_1900_Temp,STATE_ABBR,-1,-1;SQMI "SQMI" true true false 8 Double 0 0 ,First,#,H:\Data Science Work\Weather\CityData\CONUS_Data.gdb\AvgUS_1850_1900_Temp,SQMI,-1,-1;Loc_name "Loc_name" true true false 23 Text 0 0 ,First,#,H:\Data Science Work\Weather\CityData\CONUS_Data.gdb\AvgUS_1850_1900_Temp,Loc_name,-1,-1;Status "Status" true true false 1 Text 0 0 ,First,#,H:\Data Science Work\Weather\CityData\CONUS_Data.gdb\AvgUS_1850_1900_Temp,Status,-1,-1;Score "Score" true true false 8 Double 0 0 ,First,#,H:\Data Science Work\Weather\CityData\CONUS_Data.gdb\AvgUS_1850_1900_Temp,Score,-1,-1;Match_type "Match_type" true true false 2 Text 0 0 ,First,#,H:\Data Science Work\Weather\CityData\CONUS_Data.gdb\AvgUS_1850_1900_Temp,Match_type,-1,-1;Match_addr "Match_addr" true true false 254 Text 0 0 ,First,#,H:\Data Science Work\Weather\CityData\CONUS_Data.gdb\AvgUS_1850_1900_Temp,Match_addr,-1,-1;Addr_type "Addr_type" true true false 50 Text 0 0 ,First,#,H:\Data Science Work\Weather\CityData\CONUS_Data.gdb\AvgUS_1850_1900_Temp,Addr_type,-1,-1;Type "Type" true true false 120 Text 0 0 ,First,#,H:\Data Science Work\Weather\CityData\CONUS_Data.gdb\AvgUS_1850_1900_Temp,Type,-1,-1;PlaceName "PlaceName" true true false 120 Text 0 0 ,First,#,H:\Data Science Work\Weather\CityData\CONUS_Data.gdb\AvgUS_1850_1900_Temp,PlaceName,-1,-1;Place_addr "Place_addr" true true false 200 Text 0 0 ,First,#,H:\Data Science Work\Weather\CityData\CONUS_Data.gdb\AvgUS_1850_1900_Temp,Place_addr,-1,-1;Phone "Phone" true true false 20 Text 0 0 ,First,#,H:\Data Science Work\Weather\CityData\CONUS_Data.gdb\AvgUS_1850_1900_Temp,Phone,-1,-1;URL "URL" true true false 200 Text 0 0 ,First,#,H:\Data Science Work\Weather\CityData\CONUS_Data.gdb\AvgUS_1850_1900_Temp,URL,-1,-1;Rank "Rank" true true false 20 Text 0 0 ,First,#,H:\Data Science Work\Weather\CityData\CONUS_Data.gdb\AvgUS_1850_1900_Temp,Rank,-1,-1;AddBldg "AddBldg" true true false 100 Text 0 0 ,First,#,H:\Data Science Work\Weather\CityData\CONUS_Data.gdb\AvgUS_1850_1900_Temp,AddBldg,-1,-1;AddNum "AddNum" true true false 80 Text 0 0 ,First,#,H:\Data Science Work\Weather\CityData\CONUS_Data.gdb\AvgUS_1850_1900_Temp,AddNum,-1,-1;AddNumFrom "AddNumFrom" true true false 10 Text 0 0 ,First,#,H:\Data Science Work\Weather\CityData\CONUS_Data.gdb\AvgUS_1850_1900_Temp,AddNumFrom,-1,-1;AddNumTo "AddNumTo" true true false 10 Text 0 0 ,First,#,H:\Data Science Work\Weather\CityData\CONUS_Data.gdb\AvgUS_1850_1900_Temp,AddNumTo,-1,-1;Side "Side" true true false 1 Text 0 0 ,First,#,H:\Data Science Work\Weather\CityData\CONUS_Data.gdb\AvgUS_1850_1900_Temp,Side,-1,-1;StPreDir "StPreDir" true true false 20 Text 0 0 ,First,#,H:\Data Science Work\Weather\CityData\CONUS_Data.gdb\AvgUS_1850_1900_Temp,StPreDir,-1,-1;StPreType "StPreType" true true false 50 Text 0 0 ,First,#,H:\Data Science Work\Weather\CityData\CONUS_Data.gdb\AvgUS_1850_1900_Temp,StPreType,-1,-1;StName "StName" true true false 100 Text 0 0 ,First,#,H:\Data Science Work\Weather\CityData\CONUS_Data.gdb\AvgUS_1850_1900_Temp,StName,-1,-1;StType "StType" true true false 30 Text 0 0 ,First,#,H:\Data Science Work\Weather\CityData\CONUS_Data.gdb\AvgUS_1850_1900_Temp,StType,-1,-1;StDir "StDir" true true false 20 Text 0 0 ,First,#,H:\Data Science Work\Weather\CityData\CONUS_Data.gdb\AvgUS_1850_1900_Temp,StDir,-1,-1;StAddr "StAddr" true true false 254 Text 0 0 ,First,#,H:\Data Science Work\Weather\CityData\CONUS_Data.gdb\AvgUS_1850_1900_Temp,StAddr,-1,-1;Nbrhd "Nbrhd" true true false 80 Text 0 0 ,First,#,H:\Data Science Work\Weather\CityData\CONUS_Data.gdb\AvgUS_1850_1900_Temp,Nbrhd,-1,-1;City "City" true true false 120 Text 0 0 ,First,#,H:\Data Science Work\Weather\CityData\CONUS_Data.gdb\AvgUS_1850_1900_Temp,City,-1,-1;Subregion "Subregion" true true false 120 Text 0 0 ,First,#,H:\Data Science Work\Weather\CityData\CONUS_Data.gdb\AvgUS_1850_1900_Temp,Subregion,-1,-1;Region "Region" true true false 120 Text 0 0 ,First,#,H:\Data Science Work\Weather\CityData\CONUS_Data.gdb\AvgUS_1850_1900_Temp,Region,-1,-1;Postal "Postal" true true false 20 Text 0 0 ,First,#,H:\Data Science Work\Weather\CityData\CONUS_Data.gdb\AvgUS_1850_1900_Temp,Postal,-1,-1;PostalExt "PostalExt" true true false 70 Text 0 0 ,First,#,H:\Data Science Work\Weather\CityData\CONUS_Data.gdb\AvgUS_1850_1900_Temp,PostalExt,-1,-1;Country "Country" true true false 30 Text 0 0 ,First,#,H:\Data Science Work\Weather\CityData\CONUS_Data.gdb\AvgUS_1850_1900_Temp,Country,-1,-1;LangCode "LangCode" true true false 6 Text 0 0 ,First,#,H:\Data Science Work\Weather\CityData\CONUS_Data.gdb\AvgUS_1850_1900_Temp,LangCode,-1,-1;Distance "Distance" true true false 8 Double 0 0 ,First,#,H:\Data Science Work\Weather\CityData\CONUS_Data.gdb\AvgUS_1850_1900_Temp,Distance,-1,-1;X "X" true true false 8 Double 0 0 ,First,#,H:\Data Science Work\Weather\CityData\CONUS_Data.gdb\AvgUS_1850_1900_Temp,X,-1,-1;Y "Y" true true false 8 Double 0 0 ,First,#,H:\Data Science Work\Weather\CityData\CONUS_Data.gdb\AvgUS_1850_1900_Temp,Y,-1,-1;DisplayX "DisplayX" true true false 8 Double 0 0 ,First,#,H:\Data Science Work\Weather\CityData\CONUS_Data.gdb\AvgUS_1850_1900_Temp,DisplayX,-1,-1;DisplayY "DisplayY" true true false 8 Double 0 0 ,First,#,H:\Data Science Work\Weather\CityData\CONUS_Data.gdb\AvgUS_1850_1900_Temp,DisplayY,-1,-1;Xmin "Xmin" true true false 8 Double 0 0 ,First,#,H:\Data Science Work\Weather\CityData\CONUS_Data.gdb\AvgUS_1850_1900_Temp,Xmin,-1,-1;Xmax "Xmax" true true false 8 Double 0 0 ,First,#,H:\Data Science Work\Weather\CityData\CONUS_Data.gdb\AvgUS_1850_1900_Temp,Xmax,-1,-1;Ymin "Ymin" true true false 8 Double 0 0 ,First,#,H:\Data Science Work\Weather\CityData\CONUS_Data.gdb\AvgUS_1850_1900_Temp,Ymin,-1,-1;Ymax "Ymax" true true false 8 Double 0 0 ,First,#,H:\Data Science Work\Weather\CityData\CONUS_Data.gdb\AvgUS_1850_1900_Temp,Ymax,-1,-1;ARC_Addres "ARC_Addres" true true false 100 Text 0 0 ,First,#,H:\Data Science Work\Weather\CityData\CONUS_Data.gdb\AvgUS_1850_1900_Temp,ARC_Addres,-1,-1;ARC_Neighb "ARC_Neighb" true true false 50 Text 0 0 ,First,#,H:\Data Science Work\Weather\CityData\CONUS_Data.gdb\AvgUS_1850_1900_Temp,ARC_Neighb,-1,-1;ARC_City "ARC_City" true true false 50 Text 0 0 ,First,#,H:\Data Science Work\Weather\CityData\CONUS_Data.gdb\AvgUS_1850_1900_Temp,ARC_City,-1,-1;ARC_Subreg "ARC_Subreg" true true false 50 Text 0 0 ,First,#,H:\Data Science Work\Weather\CityData\CONUS_Data.gdb\AvgUS_1850_1900_Temp,ARC_Subreg,-1,-1;ARC_Region "ARC_Region" true true false 50 Text 0 0 ,First,#,H:\Data Science Work\Weather\CityData\CONUS_Data.gdb\AvgUS_1850_1900_Temp,ARC_Region,-1,-1;ARC_Postal "ARC_Postal" true true false 20 Text 0 0 ,First,#,H:\Data Science Work\Weather\CityData\CONUS_Data.gdb\AvgUS_1850_1900_Temp,ARC_Postal,-1,-1;ARC_Post_1 "ARC_Post_1" true true false 20 Text 0 0 ,First,#,H:\Data Science Work\Weather\CityData\CONUS_Data.gdb\AvgUS_1850_1900_Temp,ARC_Post_1,-1,-1;ARC_Countr "ARC_Countr" true true false 100 Text 0 0 ,First,#,H:\Data Science Work\Weather\CityData\CONUS_Data.gdb\AvgUS_1850_1900_Temp,ARC_Countr,-1,-1;City_1 "City_1" true true false 254 Text 0 0 ,First,#,H:\Data Science Work\Weather\CityData\CONUS_Data.gdb\AvgUS_1850_1900_Temp,City_1,-1,-1;State "State" true true false 254 Text 0 0 ,First,#,H:\Data Science Work\Weather\CityData\CONUS_Data.gdb\AvgUS_1850_1900_Temp,State,-1,-1;Avg_Temp "Avg_Temp" true true false 8 Double 0 0 ,First,#,H:\Data Science Work\Weather\CityData\CONUS_Data.gdb\AvgUS_1850_1900_Temp,Avg_Temp,-1,-1;Shape_Leng "Shape_Leng" false true true 8 Double 0 0 ,First,#,H:\Data Science Work\Weather\CityData\CONUS_Data.gdb\AvgUS_1850_1900_Temp,Shape_Length,-1,-1;Shape_Area "Shape_Area" false true true 8 Double 0 0 ,First,#,H:\Data Science Work\Weather\CityData\CONUS_Data.gdb\AvgUS_1850_1900_Temp,Shape_Area,-1,-1" #</Process></lineage></DataProperties><SyncDate>20170430</SyncDate><SyncTime>17315200</SyncTime><ModDate>20170430</ModDate><ModTime>17315200</ModTime></Esri><dataIdInfo><envirDesc Sync="TRUE">Microsoft Windows Server 2008 R2 Version 6.1 (Build 7601) Service Pack 1; Esri ArcGIS 10.4.1.5713</envirDesc><dataLang><languageCode value="eng" Sync="TRUE"></languageCode><countryCode value="USA" Sync="TRUE"></countryCode></dataLang><idCitation><resTitle Sync="TRUE">AvgUS_1850_1900_Temperature</resTitle><presForm><PresFormCd value="005" Sync="TRUE"></PresFormCd></presForm></idCitation><spatRpType><SpatRepTypCd value="001" Sync="TRUE"></SpatRepTypCd></spatRpType></dataIdInfo><mdLang><languageCode value="eng" Sync="TRUE"></languageCode><countryCode value="USA" Sync="TRUE"></countryCode></mdLang><distInfo><distFormat><formatName Sync="TRUE">Shapefile</formatName></distFormat><distTranOps><transSize Sync="TRUE">0.000</transSize></distTranOps></distInfo><mdHrLv><ScopeCd value="005" Sync="TRUE"></ScopeCd></mdHrLv><mdHrLvName Sync="TRUE">dataset</mdHrLvName><refSysInfo><RefSystem><refSysID><identCode code="3857" Sync="TRUE"></identCode><idCodeSpace Sync="TRUE">EPSG</idCodeSpace><idVersion Sync="TRUE">8.8(9.3.1.2)</idVersion></refSysID></RefSystem></refSysInfo><spatRepInfo><VectSpatRep><geometObjs Name="AvgUS_1850_1900_Temperature"><geoObjTyp><GeoObjTypCd value="002" Sync="TRUE"></GeoObjTypCd></geoObjTyp><geoObjCnt Sync="TRUE">0</geoObjCnt></geometObjs><topLvl><TopoLevCd value="001" Sync="TRUE"></TopoLevCd></topLvl></VectSpatRep></spatRepInfo><spdoinfo><ptvctinf><esriterm Name="AvgUS_1850_1900_Temperature"><efeatyp Sync="TRUE">Simple</efeatyp><efeageom code="4" Sync="TRUE"></efeageom><esritopo Sync="TRUE">FALSE</esritopo><efeacnt Sync="TRUE">0</efeacnt><spindex Sync="TRUE">FALSE</spindex><linrefer Sync="TRUE">FALSE</linrefer></esriterm></ptvctinf></spdoinfo><eainfo><detailed Name="AvgUS_1850_1900_Temperature"><enttyp><enttypl Sync="TRUE">AvgUS_1850_1900_Temperature</enttypl><enttypt Sync="TRUE">Feature Class</enttypt><enttypc Sync="TRUE">0</enttypc></enttyp><attr><attrlabl Sync="TRUE">FID</attrlabl><attalias Sync="TRUE">FID</attalias><attrtype Sync="TRUE">OID</attrtype><attwidth Sync="TRUE">4</attwidth><atprecis Sync="TRUE">0</atprecis><attscale Sync="TRUE">0</attscale><attrdef Sync="TRUE">Internal feature number.</attrdef><attrdefs Sync="TRUE">Esri</attrdefs><attrdomv><udom Sync="TRUE">Sequential unique whole numbers that are automatically generated.</udom></attrdomv></attr><attr><attrlabl Sync="TRUE">Shape</attrlabl><attalias Sync="TRUE">Shape</attalias><attrtype Sync="TRUE">Geometry</attrtype><attwidth Sync="TRUE">0</attwidth><atprecis Sync="TRUE">0</atprecis><attscale Sync="TRUE">0</attscale><attrdef Sync="TRUE">Feature geometry.</attrdef><attrdefs Sync="TRUE">Esri</attrdefs><attrdomv><udom Sync="TRUE">Coordinates defining the features.</udom></attrdomv></attr><attr><attrlabl Sync="TRUE">Join_Count</attrlabl><attalias Sync="TRUE">Join_Count</attalias><attrtype Sync="TRUE">Integer</attrtype><attwidth Sync="TRUE">10</attwidth><atprecis Sync="TRUE">10</atprecis><attscale Sync="TRUE">0</attscale></attr><attr><attrlabl Sync="TRUE">TARGET_FID</attrlabl><attalias Sync="TRUE">TARGET_FID</attalias><attrtype Sync="TRUE">Integer</attrtype><attwidth Sync="TRUE">10</attwidth><atprecis Sync="TRUE">10</atprecis><attscale Sync="TRUE">0</attscale></attr><attr><attrlabl Sync="TRUE">JOIN_FID</attrlabl><attalias Sync="TRUE">JOIN_FID</attalias><attrtype Sync="TRUE">Integer</attrtype><attwidth Sync="TRUE">10</attwidth><atprecis Sync="TRUE">10</atprecis><attscale Sync="TRUE">0</attscale></attr><attr><attrlabl Sync="TRUE">STATE_NAME</attrlabl><attalias Sync="TRUE">STATE_NAME</attalias><attrtype Sync="TRUE">String</attrtype><attwidth Sync="TRUE">25</attwidth><atprecis Sync="TRUE">0</atprecis><attscale Sync="TRUE">0</attscale></attr><attr><attrlabl Sync="TRUE">SUB_REGION</attrlabl><attalias Sync="TRUE">SUB_REGION</attalias><attrtype Sync="TRUE">String</attrtype><attwidth Sync="TRUE">20</attwidth><atprecis Sync="TRUE">0</atprecis><attscale Sync="TRUE">0</attscale></attr><attr><attrlabl Sync="TRUE">STATE_ABBR</attrlabl><attalias Sync="TRUE">STATE_ABBR</attalias><attrtype Sync="TRUE">String</attrtype><attwidth Sync="TRUE">2</attwidth><atprecis Sync="TRUE">0</atprecis><attscale Sync="TRUE">0</attscale></attr><attr><attrlabl Sync="TRUE">SQMI</attrlabl><attalias Sync="TRUE">SQMI</attalias><attrtype Sync="TRUE">Double</attrtype><attwidth Sync="TRUE">19</attwidth><atprecis Sync="TRUE">0</atprecis><attscale Sync="TRUE">0</attscale></attr><attr><attrlabl Sync="TRUE">Loc_name</attrlabl><attalias Sync="TRUE">Loc_name</attalias><attrtype Sync="TRUE">String</attrtype><attwidth Sync="TRUE">23</attwidth><atprecis Sync="TRUE">0</atprecis><attscale Sync="TRUE">0</attscale></attr><attr><attrlabl Sync="TRUE">Status</attrlabl><attalias Sync="TRUE">Status</attalias><attrtype Sync="TRUE">String</attrtype><attwidth Sync="TRUE">1</attwidth><atprecis Sync="TRUE">0</atprecis><attscale Sync="TRUE">0</attscale></attr><attr><attrlabl Sync="TRUE">Score</attrlabl><attalias Sync="TRUE">Score</attalias><attrtype Sync="TRUE">Double</attrtype><attwidth Sync="TRUE">19</attwidth><atprecis Sync="TRUE">0</atprecis><attscale Sync="TRUE">0</attscale></attr><attr><attrlabl Sync="TRUE">Match_type</attrlabl><attalias Sync="TRUE">Match_type</attalias><attrtype Sync="TRUE">String</attrtype><attwidth Sync="TRUE">2</attwidth><atprecis Sync="TRUE">0</atprecis><attscale Sync="TRUE">0</attscale></attr><attr><attrlabl Sync="TRUE">Match_addr</attrlabl><attalias Sync="TRUE">Match_addr</attalias><attrtype Sync="TRUE">String</attrtype><attwidth Sync="TRUE">254</attwidth><atprecis Sync="TRUE">0</atprecis><attscale Sync="TRUE">0</attscale></attr><attr><attrlabl Sync="TRUE">Addr_type</attrlabl><attalias Sync="TRUE">Addr_type</attalias><attrtype Sync="TRUE">String</attrtype><attwidth Sync="TRUE">50</attwidth><atprecis Sync="TRUE">0</atprecis><attscale Sync="TRUE">0</attscale></attr><attr><attrlabl Sync="TRUE">Type</attrlabl><attalias Sync="TRUE">Type</attalias><attrtype Sync="TRUE">String</attrtype><attwidth Sync="TRUE">120</attwidth><atprecis Sync="TRUE">0</atprecis><attscale Sync="TRUE">0</attscale></attr><attr><attrlabl Sync="TRUE">PlaceName</attrlabl><attalias Sync="TRUE">PlaceName</attalias><attrtype Sync="TRUE">String</attrtype><attwidth Sync="TRUE">120</attwidth><atprecis Sync="TRUE">0</atprecis><attscale Sync="TRUE">0</attscale></attr><attr><attrlabl Sync="TRUE">Place_addr</attrlabl><attalias Sync="TRUE">Place_addr</attalias><attrtype Sync="TRUE">String</attrtype><attwidth Sync="TRUE">200</attwidth><atprecis Sync="TRUE">0</atprecis><attscale Sync="TRUE">0</attscale></attr><attr><attrlabl Sync="TRUE">Phone</attrlabl><attalias Sync="TRUE">Phone</attalias><attrtype Sync="TRUE">String</attrtype><attwidth Sync="TRUE">20</attwidth><atprecis Sync="TRUE">0</atprecis><attscale Sync="TRUE">0</attscale></attr><attr><attrlabl Sync="TRUE">URL</attrlabl><attalias Sync="TRUE">URL</attalias><attrtype Sync="TRUE">String</attrtype><attwidth Sync="TRUE">200</attwidth><atprecis Sync="TRUE">0</atprecis><attscale Sync="TRUE">0</attscale></attr><attr><attrlabl Sync="TRUE">Rank</attrlabl><attalias Sync="TRUE">Rank</attalias><attrtype Sync="TRUE">String</attrtype><attwidth Sync="TRUE">20</attwidth><atprecis Sync="TRUE">0</atprecis><attscale Sync="TRUE">0</attscale></attr><attr><attrlabl Sync="TRUE">AddBldg</attrlabl><attalias Sync="TRUE">AddBldg</attalias><attrtype Sync="TRUE">String</attrtype><attwidth Sync="TRUE">100</attwidth><atprecis Sync="TRUE">0</atprecis><attscale Sync="TRUE">0</attscale></attr><attr><attrlabl Sync="TRUE">AddNum</attrlabl><attalias Sync="TRUE">AddNum</attalias><attrtype Sync="TRUE">String</attrtype><attwidth Sync="TRUE">80</attwidth><atprecis Sync="TRUE">0</atprecis><attscale Sync="TRUE">0</attscale></attr><attr><attrlabl Sync="TRUE">AddNumFrom</attrlabl><attalias Sync="TRUE">AddNumFrom</attalias><attrtype Sync="TRUE">String</attrtype><attwidth Sync="TRUE">10</attwidth><atprecis Sync="TRUE">0</atprecis><attscale Sync="TRUE">0</attscale></attr><attr><attrlabl Sync="TRUE">AddNumTo</attrlabl><attalias Sync="TRUE">AddNumTo</attalias><attrtype Sync="TRUE">String</attrtype><attwidth Sync="TRUE">10</attwidth><atprecis Sync="TRUE">0</atprecis><attscale Sync="TRUE">0</attscale></attr><attr><attrlabl Sync="TRUE">Side</attrlabl><attalias Sync="TRUE">Side</attalias><attrtype Sync="TRUE">String</attrtype><attwidth Sync="TRUE">1</attwidth><atprecis Sync="TRUE">0</atprecis><attscale Sync="TRUE">0</attscale></attr><attr><attrlabl Sync="TRUE">StPreDir</attrlabl><attalias Sync="TRUE">StPreDir</attalias><attrtype Sync="TRUE">String</attrtype><attwidth Sync="TRUE">20</attwidth><atprecis Sync="TRUE">0</atprecis><attscale Sync="TRUE">0</attscale></attr><attr><attrlabl Sync="TRUE">StPreType</attrlabl><attalias Sync="TRUE">StPreType</attalias><attrtype Sync="TRUE">String</attrtype><attwidth Sync="TRUE">50</attwidth><atprecis Sync="TRUE">0</atprecis><attscale Sync="TRUE">0</attscale></attr><attr><attrlabl Sync="TRUE">StName</attrlabl><attalias Sync="TRUE">StName</attalias><attrtype Sync="TRUE">String</attrtype><attwidth Sync="TRUE">100</attwidth><atprecis Sync="TRUE">0</atprecis><attscale Sync="TRUE">0</attscale></attr><attr><attrlabl Sync="TRUE">StType</attrlabl><attalias Sync="TRUE">StType</attalias><attrtype Sync="TRUE">String</attrtype><attwidth Sync="TRUE">30</attwidth><atprecis Sync="TRUE">0</atprecis><attscale Sync="TRUE">0</attscale></attr><attr><attrlabl Sync="TRUE">StDir</attrlabl><attalias Sync="TRUE">StDir</attalias><attrtype Sync="TRUE">String</attrtype><attwidth Sync="TRUE">20</attwidth><atprecis Sync="TRUE">0</atprecis><attscale Sync="TRUE">0</attscale></attr><attr><attrlabl Sync="TRUE">StAddr</attrlabl><attalias Sync="TRUE">StAddr</attalias><attrtype Sync="TRUE">String</attrtype><attwidth Sync="TRUE">254</attwidth><atprecis Sync="TRUE">0</atprecis><attscale Sync="TRUE">0</attscale></attr><attr><attrlabl Sync="TRUE">Nbrhd</attrlabl><attalias Sync="TRUE">Nbrhd</attalias><attrtype Sync="TRUE">String</attrtype><attwidth Sync="TRUE">80</attwidth><atprecis Sync="TRUE">0</atprecis><attscale Sync="TRUE">0</attscale></attr><attr><attrlabl Sync="TRUE">City</attrlabl><attalias Sync="TRUE">City</attalias><attrtype Sync="TRUE">String</attrtype><attwidth Sync="TRUE">120</attwidth><atprecis Sync="TRUE">0</atprecis><attscale Sync="TRUE">0</attscale></attr><attr><attrlabl Sync="TRUE">Subregion</attrlabl><attalias Sync="TRUE">Subregion</attalias><attrtype Sync="TRUE">String</attrtype><attwidth Sync="TRUE">120</attwidth><atprecis Sync="TRUE">0</atprecis><attscale Sync="TRUE">0</attscale></attr><attr><attrlabl Sync="TRUE">Region</attrlabl><attalias Sync="TRUE">Region</attalias><attrtype Sync="TRUE">String</attrtype><attwidth Sync="TRUE">120</attwidth><atprecis Sync="TRUE">0</atprecis><attscale Sync="TRUE">0</attscale></attr><attr><attrlabl Sync="TRUE">Postal</attrlabl><attalias Sync="TRUE">Postal</attalias><attrtype Sync="TRUE">String</attrtype><attwidth Sync="TRUE">20</attwidth><atprecis Sync="TRUE">0</atprecis><attscale Sync="TRUE">0</attscale></attr><attr><attrlabl Sync="TRUE">PostalExt</attrlabl><attalias Sync="TRUE">PostalExt</attalias><attrtype Sync="TRUE">String</attrtype><attwidth Sync="TRUE">70</attwidth><atprecis Sync="TRUE">0</atprecis><attscale Sync="TRUE">0</attscale></attr><attr><attrlabl Sync="TRUE">Country</attrlabl><attalias Sync="TRUE">Country</attalias><attrtype Sync="TRUE">String</attrtype><attwidth Sync="TRUE">30</attwidth><atprecis Sync="TRUE">0</atprecis><attscale Sync="TRUE">0</attscale></attr><attr><attrlabl Sync="TRUE">LangCode</attrlabl><attalias Sync="TRUE">LangCode</attalias><attrtype Sync="TRUE">String</attrtype><attwidth Sync="TRUE">6</attwidth><atprecis Sync="TRUE">0</atprecis><attscale Sync="TRUE">0</attscale></attr><attr><attrlabl Sync="TRUE">Distance</attrlabl><attalias Sync="TRUE">Distance</attalias><attrtype Sync="TRUE">Double</attrtype><attwidth Sync="TRUE">19</attwidth><atprecis Sync="TRUE">0</atprecis><attscale Sync="TRUE">0</attscale></attr><attr><attrlabl Sync="TRUE">X</attrlabl><attalias Sync="TRUE">X</attalias><attrtype Sync="TRUE">Double</attrtype><attwidth Sync="TRUE">19</attwidth><atprecis Sync="TRUE">0</atprecis><attscale Sync="TRUE">0</attscale></attr><attr><attrlabl Sync="TRUE">Y</attrlabl><attalias Sync="TRUE">Y</attalias><attrtype Sync="TRUE">Double</attrtype><attwidth Sync="TRUE">19</attwidth><atprecis Sync="TRUE">0</atprecis><attscale Sync="TRUE">0</attscale></attr><attr><attrlabl Sync="TRUE">DisplayX</attrlabl><attalias Sync="TRUE">DisplayX</attalias><attrtype Sync="TRUE">Double</attrtype><attwidth Sync="TRUE">19</attwidth><atprecis Sync="TRUE">0</atprecis><attscale Sync="TRUE">0</attscale></attr><attr><attrlabl Sync="TRUE">DisplayY</attrlabl><attalias Sync="TRUE">DisplayY</attalias><attrtype Sync="TRUE">Double</attrtype><attwidth Sync="TRUE">19</attwidth><atprecis Sync="TRUE">0</atprecis><attscale Sync="TRUE">0</attscale></attr><attr><attrlabl Sync="TRUE">Xmin</attrlabl><attalias Sync="TRUE">Xmin</attalias><attrtype Sync="TRUE">Double</attrtype><attwidth Sync="TRUE">19</attwidth><atprecis Sync="TRUE">0</atprecis><attscale Sync="TRUE">0</attscale></attr><attr><attrlabl Sync="TRUE">Xmax</attrlabl><attalias Sync="TRUE">Xmax</attalias><attrtype Sync="TRUE">Double</attrtype><attwidth Sync="TRUE">19</attwidth><atprecis Sync="TRUE">0</atprecis><attscale Sync="TRUE">0</attscale></attr><attr><attrlabl Sync="TRUE">Ymin</attrlabl><attalias Sync="TRUE">Ymin</attalias><attrtype Sync="TRUE">Double</attrtype><attwidth Sync="TRUE">19</attwidth><atprecis Sync="TRUE">0</atprecis><attscale Sync="TRUE">0</attscale></attr><attr><attrlabl Sync="TRUE">Ymax</attrlabl><attalias Sync="TRUE">Ymax</attalias><attrtype Sync="TRUE">Double</attrtype><attwidth Sync="TRUE">19</attwidth><atprecis Sync="TRUE">0</atprecis><attscale Sync="TRUE">0</attscale></attr><attr><attrlabl Sync="TRUE">ARC_Addres</attrlabl><attalias Sync="TRUE">ARC_Addres</attalias><attrtype Sync="TRUE">String</attrtype><attwidth Sync="TRUE">100</attwidth><atprecis Sync="TRUE">0</atprecis><attscale Sync="TRUE">0</attscale></attr><attr><attrlabl Sync="TRUE">ARC_Neighb</attrlabl><attalias Sync="TRUE">ARC_Neighb</attalias><attrtype Sync="TRUE">String</attrtype><attwidth Sync="TRUE">50</attwidth><atprecis Sync="TRUE">0</atprecis><attscale Sync="TRUE">0</attscale></attr><attr><attrlabl Sync="TRUE">ARC_City</attrlabl><attalias Sync="TRUE">ARC_City</attalias><attrtype Sync="TRUE">String</attrtype><attwidth Sync="TRUE">50</attwidth><atprecis Sync="TRUE">0</atprecis><attscale Sync="TRUE">0</attscale></attr><attr><attrlabl Sync="TRUE">ARC_Subreg</attrlabl><attalias Sync="TRUE">ARC_Subreg</attalias><attrtype Sync="TRUE">String</attrtype><attwidth Sync="TRUE">50</attwidth><atprecis Sync="TRUE">0</atprecis><attscale Sync="TRUE">0</attscale></attr><attr><attrlabl Sync="TRUE">ARC_Region</attrlabl><attalias Sync="TRUE">ARC_Region</attalias><attrtype Sync="TRUE">String</attrtype><attwidth Sync="TRUE">50</attwidth><atprecis Sync="TRUE">0</atprecis><attscale Sync="TRUE">0</attscale></attr><attr><attrlabl Sync="TRUE">ARC_Postal</attrlabl><attalias Sync="TRUE">ARC_Postal</attalias><attrtype Sync="TRUE">String</attrtype><attwidth Sync="TRUE">20</attwidth><atprecis Sync="TRUE">0</atprecis><attscale Sync="TRUE">0</attscale></attr><attr><attrlabl Sync="TRUE">ARC_Post_1</attrlabl><attalias Sync="TRUE">ARC_Post_1</attalias><attrtype Sync="TRUE">String</attrtype><attwidth Sync="TRUE">20</attwidth><atprecis Sync="TRUE">0</atprecis><attscale Sync="TRUE">0</attscale></attr><attr><attrlabl Sync="TRUE">ARC_Countr</attrlabl><attalias Sync="TRUE">ARC_Countr</attalias><attrtype Sync="TRUE">String</attrtype><attwidth Sync="TRUE">100</attwidth><atprecis Sync="TRUE">0</atprecis><attscale Sync="TRUE">0</attscale></attr><attr><attrlabl Sync="TRUE">City_1</attrlabl><attalias Sync="TRUE">City_1</attalias><attrtype Sync="TRUE">String</attrtype><attwidth Sync="TRUE">254</attwidth><atprecis Sync="TRUE">0</atprecis><attscale Sync="TRUE">0</attscale></attr><attr><attrlabl Sync="TRUE">State</attrlabl><attalias Sync="TRUE">State</attalias><attrtype Sync="TRUE">String</attrtype><attwidth Sync="TRUE">254</attwidth><atprecis Sync="TRUE">0</atprecis><attscale Sync="TRUE">0</attscale></attr><attr><attrlabl Sync="TRUE">Avg_Temp</attrlabl><attalias Sync="TRUE">Avg_Temp</attalias><attrtype Sync="TRUE">Double</attrtype><attwidth Sync="TRUE">19</attwidth><atprecis Sync="TRUE">0</atprecis><attscale Sync="TRUE">0</attscale></attr><attr><attrlabl Sync="TRUE">Shape_Leng</attrlabl><attalias Sync="TRUE">Shape_Leng</attalias><attrtype Sync="TRUE">Double</attrtype><attwidth Sync="TRUE">19</attwidth><atprecis Sync="TRUE">0</atprecis><attscale Sync="TRUE">0</attscale></attr><attr><attrlabl Sync="TRUE">Shape_Area</attrlabl><attalias Sync="TRUE">Shape_Area</attalias><attrtype Sync="TRUE">Double</attrtype><attwidth Sync="TRUE">19</attwidth><atprecis Sync="TRUE">0</atprecis><attscale Sync="TRUE">0</attscale><attrdef Sync="TRUE">Area of feature in internal units squared.</attrdef><attrdefs Sync="TRUE">Esri</attrdefs><attrdomv><udom Sync="TRUE">Positive real numbers that are automatically generated.</udom></attrdomv></attr></detailed></eainfo><mdDateSt Sync="TRUE">20170430</mdDateSt></metadata>
